25.0,20.0,150.0,0.2924842842880191,0.14825629243419058
25.0,21.0,150.0,0.2934756914814111,0.14522827605586983
25.0,22.0,150.0,0.2963973465998067,0.13977771510135617
25.0,23.0,150.0,0.2951942423418401,0.13089653044196162
25.0,24.0,150.0,0.29333119599825414,0.11795487501671512
25.0,25.0,150.0,0.2923509088086598,0.11363618415880038
25.0,26.0,150.0,0.292505746305268,0.10760576058997001
25.0,27.0,150.0,0.29488471058563026,0.1057168192462997
25.0,28.0,150.0,0.29234344753052405,0.10028810310738173
25.0,29.0,150.0,0.28879280286525466,0.09526481004368752
25.0,30.0,150.0,0.2859043785244912,0.0897487005391867
25.0,31.0,150.0,0.2838632148631288,0.08571700611877867
25.0,32.0,150.0,0.2831126622056102,0.0832823725617938
25.0,33.0,150.0,0.2816921421519632,0.08060273449006818
25.0,34.0,150.0,0.2796038274108621,0.07610550348110265
25.0,35.0,150.0,0.2788943147013494,0.0744677364022546
26.0,20.0,150.0,0.304712171482938,0.14707332803074302
26.0,21.0,150.0,0.3049849088360232,0.14018113335363355
26.0,22.0,150.0,0.3051068245682257,0.13357073951856727
26.0,23.0,150.0,0.2998323795781679,0.12243011537114533
26.0,24.0,150.0,0.2991340622784921,0.11184727156246041
26.0,25.0,150.0,0.30123423926708126,0.10810670894931361
26.0,26.0,150.0,0.3005769586231578,0.10100959323910552
26.0,27.0,150.0,0.3023835823009379,0.09863475821545027
26.0,28.0,150.0,0.2997755635408961,0.09349634640339127
26.0,29.0,150.0,0.2962013751678726,0.08793775546536275
26.0,30.0,150.0,0.29331295082710906,0.08242164596086195
26.0,31.0,150.0,0.29068976877292696,0.07761886400149476
26.0,32.0,150.0,0.289943802745382,0.07518695375605669
26.0,33.0,150.0,0.28835496361780943,0.07233629215917298
26.0,34.0,150.0,0.28639116248547286,0.06822557894572573
26.0,35.0,150.0,0.2856731027674131,0.06658331344132659
27.0,20.0,150.0,0.3090372098734466,0.15174401973230844
27.0,21.0,150.0,0.3046925494227742,0.14130081028330765
27.0,22.0,150.0,0.306863936872154,0.13410187525313302
27.0,23.0,150.0,0.30315785830845327,0.12567405625033468
27.0,24.0,150.0,0.3022607278056747,0.11615034357979835
27.0,25.0,150.0,0.30557608108124285,0.11518118612205827
27.0,26.0,150.0,0.30541079210578165,0.1094478638493852
27.0,27.0,150.0,0.3072086110464358,0.1069023068100477
27.0,28.0,150.0,0.30493508827291305,0.10278416963750607
27.0,29.0,150.0,0.30216284776492197,0.09845484952981669
27.0,30.0,150.0,0.29954025262974104,0.09368597801025892
27.0,31.0,150.0,0.29731500063540844,0.08973694216664424
27.0,32.0,150.0,0.2968761126313031,0.08806020928129793
27.0,33.0,150.0,0.29547374072015914,0.08568797314503673
27.0,34.0,150.0,0.29363713257027874,0.08201712599700949
27.0,35.0,150.0,0.2924941915005084,0.07997439667735803
28.0,20.0,150.0,0.29946083686763786,0.13109729186147062
28.0,21.0,150.0,0.29818729714441844,0.12240636939385631
28.0,22.0,150.0,0.2980941127318348,0.11458982138636882
28.0,23.0,150.0,0.297141603640375,0.10523957318565592
28.0,24.0,150.0,0.29582188095022033,0.09481013044591559
28.0,25.0,150.0,0.3003099387843822,0.09476074786975174
28.0,26.0,150.0,0.29910774550850494,0.08737194249152908
28.0,27.0,150.0,0.2974673269812198,0.0821579494469122
28.0,28.0,150.0,0.29515363620003676,0.07733189439127997
28.0,29.0,150.0,0.29325082298676036,0.07377117291624598
28.0,30.0,150.0,0.2911044183277699,0.06955597577013319
28.0,31.0,150.0,0.28953224083453977,0.06655165485335501
28.0,32.0,150.0,0.28648751617196616,0.0642488619830336
28.0,33.0,150.0,0.2854006236113893,0.06227251741985616
28.0,34.0,150.0,0.2843729623837281,0.06006130759810832
28.0,35.0,150.0,0.2833987316187996,0.058246559472562465
29.0,20.0,150.0,0.3046475876279834,0.13064687150778143
29.0,21.0,150.0,0.30550792863241877,0.12227715562298251
29.0,22.0,150.0,0.3069109120868716,0.11477116833019423
29.0,23.0,150.0,0.30560232577692903,0.1013502051587703
29.0,24.0,150.0,0.3025781520371514,0.08909988899866852
29.0,25.0,150.0,0.30616992647919006,0.08900060520047658
29.0,26.0,150.0,0.30455721363043375,0.07830304065316648
29.0,27.0,150.0,0.30205299190536455,0.07165227035520581
29.0,28.0,150.0,0.3001315361681194,0.0670877084765186
29.0,29.0,150.0,0.29832041882584376,0.06380160128047078
29.0,30.0,150.0,0.29614044869850525,0.05849060320363582
29.0,31.0,150.0,0.29449532092179853,0.055467864701041356
29.0,32.0,150.0,0.2914505962592249,0.053165071830719966
29.0,33.0,150.0,0.29041054505187774,0.05134786964243703
29.0,34.0,150.0,0.28937455354488606,0.049154141842842926
29.0,35.0,150.0,0.28848431544534575,0.047485076431045554
30.0,20.0,150.0,0.30565342827735215,0.11362765693479297
30.0,21.0,150.0,0.30745769350220925,0.10585403150841165
30.0,22.0,150.0,0.30565234371621863,0.09595691595092265
30.0,23.0,150.0,0.3039588959764232,0.08272655462579624
30.0,24.0,150.0,0.30171445686968834,0.06939296574029141
30.0,25.0,150.0,0.30484710578914614,0.0667042563863164
30.0,26.0,150.0,0.30502953486169343,0.05874088315708013
30.0,27.0,150.0,0.3023109513217629,0.051724477335698495
30.0,28.0,150.0,0.3004422658276905,0.04724015965318088
30.0,29.0,150.0,0.2995658831980135,0.043382248359561795
30.0,30.0,150.0,0.2975763892611511,0.038007261608472884
30.0,31.0,150.0,0.2964076396681397,0.03559631147861392
30.0,32.0,150.0,0.29336291500556605,0.0332935186082925
30.0,33.0,150.0,0.2925959509152531,0.03171604993375159
30.0,34.0,150.0,0.2919115844940437,0.02977399424884333
30.0,35.0,150.0,0.29128051186297105,0.028537601699957726
31.0,20.0,150.0,0.30442690864436417,0.11028190116520788
31.0,21.0,150.0,0.3082229099491441,0.10831365306882981
31.0,22.0,150.0,0.30636000826435467,0.09380238532394979
31.0,23.0,150.0,0.3038148925608875,0.07899718746702476
31.0,24.0,150.0,0.29748749565587396,0.06608888420216288
31.0,25.0,150.0,0.3007594317236469,0.06464999484396415
31.0,26.0,150.0,0.3017795288118935,0.057134617566369436
31.0,27.0,150.0,0.2998054554098365,0.05212475072587884
31.0,28.0,150.0,0.29874642809384333,0.04809719777036749
31.0,29.0,150.0,0.2980938386994538,0.04484791478279836
31.0,30.0,150.0,0.29645338380728264,0.04010341768340053
31.0,31.0,150.0,0.29532404617238234,0.03769908581200339
31.0,32.0,150.0,0.29521540275234154,0.036166908131347056
31.0,33.0,150.0,0.29453280145370847,0.03457541400943276
31.0,34.0,150.0,0.29389370096282247,0.03251037258633773
31.0,35.0,150.0,0.2933188683879898,0.03134805411152619
32.0,20.0,150.0,0.30287038474228345,0.09754020818172872
32.0,21.0,150.0,0.30463017035123097,0.09608358483586885
32.0,22.0,150.0,0.30289177019773317,0.08208439415856804
32.0,23.0,150.0,0.30077723369260106,0.06675421009847107
32.0,24.0,150.0,0.2974511978161431,0.05172772815159772
32.0,25.0,150.0,0.30200052712398995,0.04968077196377018
32.0,26.0,150.0,0.30086119669871225,0.03969808041802916
32.0,27.0,150.0,0.2989351916427112,0.03468335394395674
32.0,28.0,150.0,0.29806643375877856,0.030709858586620637
32.0,29.0,150.0,0.29846844668214917,0.029432676813964442
32.0,30.0,150.0,0.2967549064212405,0.025052254258870588
32.0,31.0,150.0,0.2956884503492217,0.02274660148615253
32.0,32.0,150.0,0.29529449539624136,0.020650735816243895
32.0,33.0,150.0,0.29447197905809896,0.018802776555309784
32.0,34.0,150.0,0.29386040215889553,0.016675855876952764
32.0,35.0,150.0,0.29295389313584314,0.014754282160766952
33.0,20.0,150.0,0.30791092711032164,0.09241144663764284
33.0,21.0,150.0,0.3092754144630407,0.09043714636985244
33.0,22.0,150.0,0.30612206217459687,0.07437782733286004
33.0,23.0,150.0,0.30379425821636596,0.060602360992608295
33.0,24.0,150.0,0.3005412061048149,0.045691303357012464
33.0,25.0,150.0,0.3048084337029972,0.042865992966893404
33.0,26.0,150.0,0.3036391854005209,0.03271469636285149
33.0,27.0,150.0,0.3016392171057573,0.02739604634867762
33.0,28.0,150.0,0.3003418066702463,0.02264428255482539
33.0,29.0,150.0,0.3005400665126709,0.021039517562743377
33.0,30.0,150.0,0.29808739581697963,0.015845651420396543
33.0,31.0,150.0,0.2970679154970147,0.013535372754029329
33.0,32.0,150.0,0.29668160391145887,0.011444003265446121
33.0,33.0,150.0,0.29573260146282676,0.00926680581273181
33.0,34.0,150.0,0.2947409606480294,0.006416066350936635
33.0,35.0,150.0,0.2936295021797607,0.004059800422990193
34.0,20.0,150.0,0.3150615906883482,0.09049607302087133
34.0,21.0,150.0,0.31214386317887577,0.07960310983556479
34.0,22.0,150.0,0.31621658759650945,0.06814228136347585
34.0,23.0,150.0,0.31317881386220586,0.05360686581709642
34.0,24.0,150.0,0.31034066127037374,0.03890486965876592
34.0,25.0,150.0,0.3141918604471675,0.03443156358864352
34.0,26.0,150.0,0.31188836944001175,0.023635350569023182
34.0,27.0,150.0,0.31000151929635283,0.01857090141685143
34.0,28.0,150.0,0.30840962021061347,0.013131102933129385
34.0,29.0,150.0,0.30853385515468856,0.01141417508652801
34.0,30.0,150.0,0.30611648249429524,0.00618612657267451
34.0,31.0,150.0,0.3049150263765897,0.0035354828225046676
34.0,32.0,150.0,0.3044114687207003,0.0012342183709229601
34.0,33.0,150.0,0.3035429347191275,-0.0009087262308717886
34.0,34.0,150.0,0.30261915086166824,-0.0036455795787808864
34.0,35.0,150.0,0.3016142093938419,-0.005877581928698343
35.0,20.0,150.0,0.313966567451383,0.08229781841660404
35.0,21.0,150.0,0.3129114257739756,0.07181451014902575
35.0,22.0,150.0,0.3171360328998828,0.05906586513104449
35.0,23.0,150.0,0.31487642809209265,0.04416263857391412
35.0,24.0,150.0,0.3121231683346559,0.031132780217195524
35.0,25.0,150.0,0.31582556872822987,0.02705928298407113
35.0,26.0,150.0,0.3134420111242357,0.01607936844265247
35.0,27.0,150.0,0.3116764272750658,0.011021667462425245
35.0,28.0,150.0,0.30976630826797596,0.005019004690872825
35.0,29.0,150.0,0.3096655701175127,0.0026050295329147865
35.0,30.0,150.0,0.3073476046521788,-0.0026201287172534582
35.0,31.0,150.0,0.3061649239936706,-0.0052462778141427815
35.0,32.0,150.0,0.3053872720770038,-0.008476566041678516
35.0,33.0,150.0,0.30450436160949307,-0.010711363198732324
35.0,34.0,150.0,0.30347316328498436,-0.013787040692864384
35.0,35.0,150.0,0.3024198626486673,-0.01613332284200849
36.0,20.0,150.0,0.30868680623089995,0.06872214234020409
36.0,21.0,150.0,0.30689633435290425,0.0586749241210433
36.0,22.0,150.0,0.31302918416627146,0.04837398132134562
36.0,23.0,150.0,0.3115164571199234,0.034115528264589766
36.0,24.0,150.0,0.3081077287848142,0.020192597155266015
36.0,25.0,150.0,0.3113144179799774,0.01522724135959036
36.0,26.0,150.0,0.30878155606880164,0.004763256645251003
36.0,27.0,150.0,0.30702205595887155,-0.0008598444968521376
36.0,28.0,150.0,0.30509112555389795,-0.006915835510618106
36.0,29.0,150.0,0.3046583596648697,-0.010195422557243457
36.0,30.0,150.0,0.3021772037220507,-0.01564287744682549
36.0,31.0,150.0,0.30028411736802324,-0.019240022566335356
36.0,32.0,150.0,0.2992639997219911,-0.022787251733691713
36.0,33.0,150.0,0.298210611648197,-0.02535071286396081
36.0,34.0,150.0,0.29750972825827354,-0.027980803025759084
36.0,35.0,150.0,0.2964221618133832,-0.030435237462440833
37.0,20.0,150.0,0.3077435650301611,0.06063301415728843
37.0,21.0,150.0,0.3056302711913193,0.050137557895314266
37.0,22.0,150.0,0.31113739951744285,0.03838593340718682
37.0,23.0,150.0,0.30939715000790197,0.023735577355777734
37.0,24.0,150.0,0.3055489815088132,0.008325367797320217
37.0,25.0,150.0,0.3088906144462683,0.0033176839309722508
37.0,26.0,150.0,0.3057840759218604,-0.008204538357820059
37.0,27.0,150.0,0.30378483391474204,-0.014186744555936659
37.0,28.0,150.0,0.30197416593910337,-0.02011094260676658
37.0,29.0,150.0,0.30112541015733757,-0.024033949961027923
37.0,30.0,150.0,0.2984985367506699,-0.029733912503225123
37.0,31.0,150.0,0.2966142543353657,-0.03339132935817532
37.0,32.0,150.0,0.29564572197971595,-0.036883369052194276
37.0,33.0,150.0,0.2946014338699224,-0.03950584688465718
37.0,34.0,150.0,0.2935948932094395,-0.0425300327222741
37.0,35.0,150.0,0.2917089176299057,-0.04606217129299678
38.0,20.0,150.0,0.30581388675234716,0.04909260343517515
38.0,21.0,150.0,0.30227000232656637,0.035250014958013796
38.0,22.0,150.0,0.3073735886386261,0.023980671125124975
38.0,23.0,150.0,0.3064960102723533,0.00893664530378448
38.0,24.0,150.0,0.30338884523469395,-0.005572501148004601
38.0,25.0,150.0,0.3065491952086451,-0.010925965380265398
38.0,26.0,150.0,0.30298814566897747,-0.02320135233270333
38.0,27.0,150.0,0.30089804760188954,-0.029917493593507524
38.0,28.0,150.0,0.2990745371879693,-0.03592632316331317
38.0,29.0,150.0,0.297814461285866,-0.040868580732294116
38.0,30.0,150.0,0.2950689865846537,-0.04691941097385818
38.0,31.0,150.0,0.2930421007484327,-0.05088720243247913
38.0,32.0,150.0,0.29208826430342005,-0.0544695401451292
38.0,33.0,150.0,0.29106661548399176,-0.05707186381571729
38.0,34.0,150.0,0.29008200531570455,-0.060077457545216824
38.0,35.0,150.0,0.2882258049792409,-0.063580978037176
39.0,20.0,150.0,0.3032178737356901,0.04133520689640808
39.0,21.0,150.0,0.30482660574216475,0.0301184527037701
39.0,22.0,150.0,0.309095827528562,0.017888961627611534
39.0,23.0,150.0,0.30768797937223047,0.0020349707766694988
39.0,24.0,150.0,0.30385724425598376,-0.013605815654735058
39.0,25.0,150.0,0.3067128507167078,-0.019129251849132476
39.0,26.0,150.0,0.3027654147558874,-0.03184739747758234
39.0,27.0,150.0,0.3002907652432951,-0.039376704543206464
39.0,28.0,150.0,0.2984478287593283,-0.045329647084176
39.0,29.0,150.0,0.2970565911829486,-0.050340898616039055
39.0,30.0,150.0,0.29432180766735333,-0.05657473546395893
39.0,31.0,150.0,0.2921871250881209,-0.060791285696876945
39.0,32.0,150.0,0.2908841799539296,-0.0649870440027606
39.0,33.0,150.0,0.28952947862724865,-0.06822539069615932
39.0,34.0,150.0,0.28818543181717193,-0.07184970437751358
39.0,35.0,150.0,0.28616235803297596,-0.0756130501694198
40.0,20.0,150.0,0.30260752029201105,0.03554994780064873
40.0,21.0,150.0,0.3037324282765454,0.023251083424551827
40.0,22.0,150.0,0.30792433577751926,0.010900829123454664
40.0,23.0,150.0,0.3061724648842201,-0.006438976926688456
40.0,24.0,150.0,0.30371124429172824,-0.021108353977830726
40.0,25.0,150.0,0.30668254854840493,-0.026498458277634047
40.0,26.0,150.0,0.30236320161725927,-0.039959359621555876
40.0,27.0,150.0,0.2997777926010681,-0.04764778513159859
40.0,28.0,150.0,0.2977688368175453,-0.05400663476257381
40.0,29.0,150.0,0.29628403300966855,-0.05915946412489808
40.0,30.0,150.0,0.29355960504602474,-0.0654737123893655
40.0,31.0,150.0,0.29143355052430014,-0.06996442890002906
40.0,32.0,150.0,0.2898753704462844,-0.07456123385082346
40.0,33.0,150.0,0.288194487025603,-0.07846115097440357
40.0,34.0,150.0,0.2867384816127423,-0.08229254611754448
40.0,35.0,150.0,0.2846030491314392,-0.08623754305478372
25.0,20.0,152.0,0.2930475175894997,0.14751951132112004
25.0,21.0,152.0,0.29354136498626077,0.14386651013639726
25.0,22.0,152.0,0.29647204769357455,0.13832017655700019
25.0,23.0,152.0,0.29526099520966015,0.12943420062092834
25.0,24.0,152.0,0.29295146152963325,0.11582533849659041
25.0,25.0,152.0,0.29186947850645906,0.11131670961220863
25.0,26.0,152.0,0.29202836791475867,0.10528859066307411
25.0,27.0,152.0,0.29441142465438586,0.10340194208836331
25.0,28.0,152.0,0.29187016159927953,0.09797322594944535
25.0,29.0,152.0,0.2884125735557313,0.09305488115161896
25.0,30.0,152.0,0.2855241492149678,0.08753877164711814
25.0,31.0,152.0,0.2834829855536054,0.08350707722671011
25.0,32.0,152.0,0.28273243289608685,0.08107244366972521
25.0,33.0,152.0,0.28134585390424466,0.07842821463340863
25.0,34.0,152.0,0.2792734121790166,0.07394319363665312
25.0,35.0,152.0,0.2785638994695039,0.07230542655780507
26.0,20.0,152.0,0.30587477383624584,0.14677842140000974
26.0,21.0,152.0,0.30566649613025326,0.13927866993392626
26.0,22.0,152.0,0.3059205163744508,0.13279522668425853
26.0,23.0,152.0,0.30064799970165496,0.12165565921337569
26.0,24.0,152.0,0.29950319506553835,0.11040560870559935
26.0,25.0,152.0,0.3016091525226793,0.10670881833988609
26.0,26.0,152.0,0.3009559237904472,0.09961400724937396
26.0,27.0,152.0,0.30276663992749214,0.09724146499467812
26.0,28.0,152.0,0.30015862116745035,0.09210305318261912
26.0,29.0,152.0,0.29667748941614785,0.08664941051045841
26.0,30.0,152.0,0.29378906507538444,0.08113330100595756
26.0,31.0,152.0,0.2911658830212023,0.07633051904659038
26.0,32.0,152.0,0.29041991699365727,0.07389860880115232
26.0,33.0,152.0,0.2888650189278896,0.07108335623967764
26.0,34.0,152.0,0.28690121779555305,0.0669726430262304
26.0,35.0,152.0,0.2861831580774933,0.06533037752183128
27.0,20.0,152.0,0.30917119827859985,0.15011453779793632
27.0,21.0,152.0,0.30447143788768816,0.13928938602734456
27.0,22.0,152.0,0.3066476574196233,0.13198711490032666
27.0,23.0,152.0,0.30294350717318463,0.12356035257406754
27.0,24.0,152.0,0.30164781961718967,0.11342493325993976
27.0,25.0,152.0,0.3049772014205163,0.11249905290207929
27.0,26.0,152.0,0.30481596435674657,0.10676803524910213
27.0,27.0,152.0,0.30661787575666555,0.10422477097872412
27.0,28.0,152.0,0.30434435298314283,0.10010663380618245
27.0,29.0,152.0,0.3016511798754533,0.09586217094426988
27.0,30.0,152.0,0.29902858474027233,0.09109329942471207
27.0,31.0,152.0,0.29680333274593973,0.08714426358109743
27.0,32.0,152.0,0.2963644447418343,0.08546753069575104
27.0,33.0,152.0,0.2949910341228096,0.08312423947078773
27.0,34.0,152.0,0.2931544259729291,0.07945339232276047
27.0,35.0,152.0,0.2920114849031588,0.07741066300310902
28.0,20.0,152.0,0.29987658586577176,0.13003544558368915
28.0,21.0,152.0,0.2982440535234979,0.12085271163463573
28.0,22.0,152.0,0.29814595855214815,0.11294748083907602
28.0,23.0,152.0,0.2971953777779504,0.1035982893149022
28.0,24.0,152.0,0.2954770980345793,0.09255713993157054
28.0,25.0,152.0,0.2999788380444203,0.09254561107524983
28.0,26.0,152.0,0.29877325155083817,0.08516644892468088
28.0,27.0,152.0,0.29713692548281784,0.07995474864902348
28.0,28.0,152.0,0.29482323470163485,0.07512869359339121
28.0,29.0,152.0,0.29299948888865995,0.07165282936413404
28.0,30.0,152.0,0.2908530842296695,0.06743763221802122
28.0,31.0,152.0,0.28928090673643936,0.06443331130124308
28.0,32.0,152.0,0.28623618207386575,0.062130518430921655
28.0,33.0,152.0,0.2851782508054081,0.060183118779042095
28.0,34.0,152.0,0.2841505895777469,0.05797190895729425
28.0,35.0,152.0,0.2831763588128184,0.056157160831748376
29.0,20.0,152.0,0.30523649036873246,0.12959724260763128
29.0,21.0,152.0,0.30573074124422633,0.12074461831661573
29.0,22.0,152.0,0.30693797136184153,0.11302844274892469
29.0,23.0,152.0,0.305631313369161,0.09960853625403983
29.0,24.0,152.0,0.30224871558843613,0.08679046949430269
29.0,25.0,152.0,0.305895068508208,0.08684381113014064
29.0,26.0,152.0,0.3042807970336822,0.0761526292500828
29.0,27.0,152.0,0.30178066776787793,0.06950415172108156
29.0,28.0,152.0,0.29985921203063276,0.06493958984239435
29.0,29.0,152.0,0.29811209173303105,0.06171844475458111
29.0,30.0,152.0,0.2959321216056925,0.05640744667774617
29.0,31.0,152.0,0.29428699382898577,0.05338470817515173
29.0,32.0,152.0,0.29124226916641216,0.0510819153048303
29.0,33.0,152.0,0.29022712872081785,0.04928867825815957
29.0,34.0,152.0,0.2891918619921864,0.047095910322539056
29.0,35.0,152.0,0.2883016238926461,0.04542684491074166
30.0,20.0,152.0,0.3063190903054126,0.11255936385845954
30.0,21.0,152.0,0.3077612961919272,0.10430339442187342
30.0,22.0,152.0,0.30576737735542636,0.09420018832540066
30.0,23.0,152.0,0.3040814680995734,0.08097517549184684
30.0,24.0,152.0,0.301484477521075,0.06707836557500169
30.0,25.0,152.0,0.30470621900459843,0.0645778169320295
30.0,26.0,152.0,0.3048888350447713,0.056621971494378996
30.0,27.0,152.0,0.30217434396410564,0.04960785844195684
30.0,28.0,152.0,0.30030565847003327,0.045123540759439223
30.0,29.0,152.0,0.2994842425849782,0.041319147680257885
30.0,30.0,152.0,0.2974947486481158,0.03594416092916898
30.0,31.0,152.0,0.29632599905510437,0.03353321079931004
30.0,32.0,152.0,0.29328127439253077,0.031230417928988584
30.0,33.0,152.0,0.2925358925846696,0.02967301576058229
30.0,34.0,152.0,0.2918522298317711,0.02773188154508866
30.0,35.0,152.0,0.29122115720069847,0.026495488996203066
31.0,20.0,152.0,0.30517336563964886,0.10937177538231564
31.0,21.0,152.0,0.30850031141768863,0.10676751655133046
31.0,22.0,152.0,0.30645122608931874,0.09207172383034305
31.0,23.0,152.0,0.303909524737676,0.07727845599448922
31.0,24.0,152.0,0.2972027697004861,0.06379097066150102
31.0,25.0,152.0,0.30048310992775,0.062330715421727426
31.0,26.0,152.0,0.3014997526342957,0.05481951298164087
31.0,27.0,152.0,0.29952567923223866,0.04980964614115027
31.0,28.0,152.0,0.2984666519162455,0.04578209318563892
31.0,29.0,152.0,0.297867934575728,0.04258572025097987
31.0,30.0,152.0,0.2962274796835569,0.03784122315158204
31.0,31.0,152.0,0.2950981420486566,0.035436891280184894
31.0,32.0,152.0,0.2949894986286158,0.03390471359952855
31.0,33.0,152.0,0.2943284796124345,0.03233328598374887
31.0,34.0,152.0,0.2936900827898594,0.030269166030068427
31.0,35.0,152.0,0.29311525021502677,0.02910684755525688
32.0,20.0,152.0,0.3035940325299936,0.09667533802258368
32.0,21.0,152.0,0.30489806534779434,0.09461194219535375
32.0,22.0,152.0,0.30297126480687503,0.0804210777967742
32.0,23.0,152.0,0.3008287500563209,0.0650806624535619
32.0,24.0,152.0,0.2972127543201858,0.049654235402059876
32.0,25.0,152.0,0.30169271241031737,0.04742538214101688
32.0,26.0,152.0,0.3005499372525885,0.03744580816735894
32.0,27.0,152.0,0.29862393219658745,0.032431081693286554
32.0,28.0,152.0,0.2977551743126548,0.028457586335950445
32.0,29.0,152.0,0.29820368028023014,0.02722443621104107
32.0,30.0,152.0,0.2964901400193215,0.022844013655947223
32.0,31.0,152.0,0.29542368394730273,0.02053836088322919
32.0,32.0,152.0,0.29502972899432234,0.018442495213320524
32.0,33.0,152.0,0.2942260344141321,0.016611506483288834
32.0,34.0,152.0,0.29361514088511514,0.014485470900553722
32.0,35.0,152.0,0.29270863186206275,0.01256389718436794
33.0,20.0,152.0,0.3083961095983365,0.09127666097820653
33.0,21.0,152.0,0.30938798799905726,0.08889883252757767
33.0,22.0,152.0,0.30607826081822787,0.07264133342198618
33.0,23.0,152.0,0.3037364521296074,0.058871544779785435
33.0,24.0,152.0,0.3001908850112054,0.043564424924771354
33.0,25.0,152.0,0.3043616667460167,0.040548745511529816
33.0,26.0,152.0,0.303185231245442,0.030399673534712512
33.0,27.0,152.0,0.3011852629506784,0.02508102352053867
33.0,28.0,152.0,0.2998878525151674,0.020329259726686425
33.0,29.0,152.0,0.3001326054017968,0.018768526382351217
33.0,30.0,152.0,0.29767993470610554,0.013574660240004395
33.0,31.0,152.0,0.29666045438614064,0.011264381573637164
33.0,32.0,152.0,0.2962741428005847,0.009173012085053991
33.0,33.0,152.0,0.2953439621099048,0.00701278516324208
33.0,34.0,152.0,0.29435366851061795,0.004163781408445754
33.0,35.0,152.0,0.2932422100423492,0.0018075154804993191
34.0,20.0,152.0,0.31568419748177995,0.08943275379569628
34.0,21.0,152.0,0.3123801819498991,0.07812752629723932
34.0,22.0,152.0,0.31630025596535044,0.06647218208460716
34.0,23.0,152.0,0.3132482768027164,0.05194842178699311
34.0,24.0,152.0,0.31014823923049534,0.03688043272439482
34.0,25.0,152.0,0.3138906779835842,0.03220714501807784
34.0,26.0,152.0,0.31158195979154174,0.021414310342677656
34.0,27.0,152.0,0.3096962137329978,0.016351289854704878
34.0,28.0,152.0,0.30810431464725846,0.010911491370982844
34.0,29.0,152.0,0.3082689536317375,0.009231600561418484
34.0,30.0,152.0,0.30585158097134424,0.004003552047564976
34.0,31.0,152.0,0.3046501248536387,0.001352908297395151
34.0,32.0,152.0,0.30414656719774924,-0.0009483561541865787
34.0,33.0,152.0,0.30329454615181994,-0.0030768201099217155
34.0,34.0,152.0,0.30237210950987103,-0.005811937750831947
34.0,35.0,152.0,0.3013671680420448,-0.008043940100749401
35.0,20.0,152.0,0.3146064509065825,0.08116511878881635
35.0,21.0,152.0,0.3131647988781417,0.07026756060200993
35.0,22.0,152.0,0.31723331111583886,0.057327098209402225
35.0,23.0,152.0,0.31495947450801304,0.04242995918225109
35.0,24.0,152.0,0.3119414161551516,0.029033716526578997
35.0,25.0,152.0,0.31553512617672264,0.024758774940785218
35.0,26.0,152.0,0.3131464928426469,0.01377998075603462
35.0,27.0,152.0,0.3113820130785919,0.00872370844000638
35.0,28.0,152.0,0.3094718940715021,0.002721045668453988
35.0,29.0,152.0,0.3094115599614428,0.00034410754753296674
35.0,30.0,152.0,0.3070935944961089,-0.004881050702635257
35.0,31.0,152.0,0.30591091383760066,-0.007507199799524585
35.0,32.0,152.0,0.3051332619209339,-0.010737488027060317
35.0,33.0,152.0,0.30426686440906653,-0.012957804538054543
35.0,34.0,152.0,0.30323701330006836,-0.016031746325187734
35.0,35.0,152.0,0.3021837126637513,-0.018378028474331832
36.0,20.0,152.0,0.30932427017710046,0.0675903294620446
36.0,21.0,152.0,0.30715871873725753,0.057145020561177186
36.0,22.0,152.0,0.3131341358697725,0.046649680407492844
36.0,23.0,152.0,0.31160755689043534,0.03239720021496692
36.0,24.0,152.0,0.3078545720558822,0.017889990928874652
36.0,25.0,152.0,0.3109743064441642,0.01277033106141602
36.0,26.0,152.0,0.3084364325437194,0.002306944046875333
36.0,27.0,152.0,0.3066780365189042,-0.003314728431028846
36.0,28.0,152.0,0.3047471061139306,-0.00937071944479481
36.0,29.0,152.0,0.3043618849507079,-0.01259240028800313
36.0,30.0,152.0,0.3018807290078889,-0.01803985517758515
36.0,31.0,152.0,0.2999876426538614,-0.021637000297095026
36.0,32.0,152.0,0.2989675250078293,-0.025184229464451383
36.0,33.0,152.0,0.2979287040094718,-0.027735235213844044
36.0,34.0,152.0,0.2972291295221213,-0.030363656868710655
36.0,35.0,152.0,0.29614156307723094,-0.0328180913053924
37.0,20.0,152.0,0.30840218649708884,0.05942420412712634
37.0,21.0,152.0,0.30591381309639987,0.0485306571834455
37.0,22.0,152.0,0.31123373537291354,0.03656830460388756
37.0,23.0,152.0,0.30946159831799885,0.02191302611222029
37.0,24.0,152.0,0.30528159731858107,0.005955270507379719
37.0,25.0,152.0,0.30853304459787645,0.0007793332410579461
37.0,26.0,152.0,0.3054217112581909,-0.010743398351232539
37.0,27.0,152.0,0.30342357333618747,-0.01672417588515019
37.0,28.0,152.0,0.3016129053605488,-0.022648373935980105
37.0,29.0,152.0,0.30080925230214656,-0.02652141159476092
37.0,30.0,152.0,0.29818237889547883,-0.0322213741369581
37.0,31.0,152.0,0.29629809648017463,-0.035878790991908306
37.0,32.0,152.0,0.2953295641245249,-0.03937083068592727
37.0,33.0,152.0,0.29429984309016793,-0.041980853137513735
37.0,34.0,152.0,0.29329461133225804,-0.04500337046819899
37.0,35.0,152.0,0.2915144558585443,-0.04840852491193754
38.0,20.0,152.0,0.3064967724889289,0.04790675959844635
38.0,21.0,152.0,0.30257765899513833,0.033665918334153076
38.0,22.0,152.0,0.3074962351293495,0.022187795727572523
38.0,23.0,152.0,0.306587612282314,0.007139407715962038
38.0,24.0,152.0,0.3032012287969396,-0.007853792718718064
38.0,25.0,152.0,0.3062686234573284,-0.013376622443396017
38.0,26.0,152.0,0.3027028576714571,-0.02565277130420607
38.0,27.0,152.0,0.3006138636894841,-0.03236748390081129
38.0,28.0,152.0,0.29879035327556386,-0.03837631347061692
38.0,29.0,152.0,0.2975642958761917,-0.04328522350739451
38.0,30.0,152.0,0.2948188211749795,-0.049336053748958573
38.0,31.0,152.0,0.29242829897512207,-0.05377021799372291
38.0,32.0,152.0,0.29147446253010945,-0.05735255570637301
38.0,33.0,152.0,0.290464318255519,-0.059945468497984995
38.0,34.0,152.0,0.2894810169898048,-0.06294939372055287
38.0,35.0,152.0,0.2877306367591612,-0.0663259300855279
39.0,20.0,152.0,0.3039223285464725,0.04017597370393693
39.0,21.0,152.0,0.30516846737858017,0.028573219578525173
39.0,22.0,152.0,0.3092587395931893,0.016140240733965888
39.0,23.0,152.0,0.307825213462911,0.00028620844192589495
39.0,24.0,152.0,0.3037528758798061,-0.015794069006754098
39.0,25.0,152.0,0.30650877341242305,-0.02149928204987132
39.0,26.0,152.0,0.30255670186293615,-0.034218398196120624
39.0,27.0,152.0,0.3000831564354587,-0.04174627659754576
39.0,28.0,152.0,0.29824021995149197,-0.0476992191385153
39.0,29.0,152.0,0.2968762255073587,-0.052685033305810564
39.0,30.0,152.0,0.2941414419917635,-0.05891887015373043
39.0,31.0,152.0,0.2916467720180609,-0.06359889462206722
39.0,32.0,152.0,0.29034382688386967,-0.06779465292795088
39.0,33.0,152.0,0.28899836961240977,-0.07102571608363126
39.0,34.0,152.0,0.2876556317049058,-0.07464836125805387
39.0,35.0,152.0,0.28573837802653,-0.07828472292297595
40.0,20.0,152.0,0.3033138331623111,0.03440514098548393
40.0,21.0,152.0,0.3040744452087619,0.021718257740383728
40.0,22.0,152.0,0.30808862606960535,0.00916545235603306
40.0,23.0,152.0,0.3063113073681068,-0.008174382587369357
40.0,24.0,152.0,0.3036213997883389,-0.023272459514561174
40.0,25.0,152.0,0.3064915841821643,-0.0288457209253341
40.0,26.0,152.0,0.302167601662352,-0.042307592787055384
40.0,27.0,152.0,0.2995832967312758,-0.04999458963289913
40.0,28.0,152.0,0.297574340947753,-0.05635343926387432
40.0,29.0,152.0,0.29611451978250597,-0.06148295860288858
40.0,30.0,152.0,0.2933900918188622,-0.067797206867356
40.0,31.0,152.0,0.29090368500575076,-0.07275173206159885
40.0,32.0,152.0,0.28934550492773503,-0.07734853701239326
40.0,33.0,152.0,0.2876729552817946,-0.08124199639618228
40.0,34.0,152.0,0.2862182587715067,-0.08507172303239154
40.0,35.0,152.0,0.2841886463960237,-0.08888973584264664
25.0,20.0,154.0,0.29477309710230726,0.14557808433800495
25.0,21.0,154.0,0.2951165127061755,0.14175637573808686
25.0,22.0,154.0,0.2979237691321683,0.13606152448730258
25.0,23.0,154.0,0.2967375373870421,0.1274467590443075
25.0,24.0,154.0,0.2943182060078969,0.11368082747590871
25.0,25.0,154.0,0.2930929223734746,0.10902420338460676
25.0,26.0,154.0,0.29312135152359425,0.10278866494735751
25.0,27.0,154.0,0.29550939666953113,0.10095406996279545
25.0,28.0,154.0,0.292973614926809,0.09556452399077876
25.0,29.0,154.0,0.28952384885755134,0.0906806724774457
25.0,30.0,154.0,0.2866394975047318,0.08518898299736487
25.0,31.0,154.0,0.28456179128135994,0.08092259888135116
25.0,32.0,154.0,0.28369377009558405,0.07807533235552541
25.0,33.0,154.0,0.28232424525624494,0.0754457896205753
25.0,34.0,154.0,0.28021603537760165,0.07093085409390522
25.0,35.0,154.0,0.2795130303216554,0.06932304344207242
26.0,20.0,154.0,0.3072011071533823,0.1441785366421546
26.0,21.0,154.0,0.3070052767757668,0.136698499195759
26.0,22.0,154.0,0.3071371519136087,0.1300683334732437
26.0,23.0,154.0,0.3017928376221132,0.1190387051603133
26.0,24.0,154.0,0.30069257757892,0.10787802416606089
26.0,25.0,154.0,0.3026470941560127,0.10399305601701296
26.0,26.0,154.0,0.3018685650773757,0.096696529486387
26.0,27.0,154.0,0.30363820667924185,0.0943383347537005
26.0,28.0,154.0,0.30103561268435786,0.0892390575645718
26.0,29.0,154.0,0.2975623029073459,0.08381990817690446
26.0,30.0,154.0,0.2946779515545265,0.07832821869682363
26.0,31.0,154.0,0.2920205610326993,0.07329248166038183
26.0,32.0,154.0,0.29116125471580784,0.07049291199107645
26.0,33.0,154.0,0.2896255780113668,0.06769394255625805
26.0,34.0,154.0,0.28761782083507414,0.06354619230577377
26.0,35.0,154.0,0.2869062687705809,0.06193388322838988
27.0,20.0,154.0,0.31015858248152073,0.14842487912948782
27.0,21.0,154.0,0.30547654725569,0.13762094887117912
27.0,22.0,154.0,0.3075386155133807,0.13018173941783667
27.0,23.0,154.0,0.3037549381796433,0.12161094799556173
27.0,24.0,154.0,0.3024980988920213,0.11151342377835025
27.0,25.0,154.0,0.3056722980447507,0.11029663380920875
27.0,26.0,154.0,0.305391889031509,0.10429656064877765
27.0,27.0,154.0,0.30714826608308,0.1017184005273783
27.0,28.0,154.0,0.3048752243100382,0.09760054793891698
27.0,29.0,154.0,0.3021853928899008,0.09336005333097269
27.0,30.0,154.0,0.29956279775471994,0.08859118181141486
27.0,31.0,154.0,0.2973033372927423,0.08440919089072561
27.0,32.0,154.0,0.29680710161838597,0.08251211696526757
27.0,33.0,154.0,0.29544804919793,0.08017832552684385
27.0,34.0,154.0,0.2935674850040935,0.07647044134177956
27.0,35.0,154.0,0.2924245439343232,0.0744277120221281
28.0,20.0,154.0,0.30091437734068466,0.12845774009877664
28.0,21.0,154.0,0.2993146032773845,0.11930531207291244
28.0,22.0,154.0,0.29910160416147213,0.1112622829579081
28.0,23.0,154.0,0.2980883714698002,0.10178815937833159
28.0,24.0,154.0,0.2964027066941064,0.09077770798357494
28.0,25.0,154.0,0.3007471595542882,0.09047313196041233
28.0,26.0,154.0,0.2994264946634879,0.08282790593425202
28.0,27.0,154.0,0.297743965679615,0.07758064770807264
28.0,28.0,154.0,0.29543073058309827,0.07275486142629407
28.0,29.0,154.0,0.29361032645767554,0.06928296545100515
28.0,30.0,154.0,0.29146392179868513,0.06506776830489232
28.0,31.0,154.0,0.28985681058631074,0.06182983732831296
28.0,32.0,154.0,0.28676158087323206,0.059330668559492095
28.0,33.0,154.0,0.28571735706585033,0.05739219094594629
28.0,34.0,154.0,0.2846457397942331,0.05514394408716143
28.0,35.0,154.0,0.28367150902930455,0.05332919596161554
29.0,20.0,154.0,0.3062545639294477,0.128015347401545
29.0,21.0,154.0,0.3067778211392951,0.11919156516330391
29.0,22.0,154.0,0.3079326034576497,0.11149311928708087
29.0,23.0,154.0,0.30655398237940595,0.09793739191674843
29.0,24.0,154.0,0.30320266053236916,0.08514770025707424
29.0,25.0,154.0,0.30672026490932,0.08501702343959562
29.0,26.0,154.0,0.30499786365371917,0.07406613071251064
29.0,27.0,154.0,0.3024505213444773,0.06738113152951479
29.0,28.0,154.0,0.30052952129189836,0.06281683842468129
29.0,29.0,154.0,0.2987824009942967,0.05959569333686803
29.0,30.0,154.0,0.29660243086695814,0.05428469526003309
29.0,31.0,154.0,0.2949605193861507,0.05126434570100406
29.0,32.0,154.0,0.2918682605583958,0.048774350192130445
29.0,33.0,154.0,0.29086155586877654,0.04698657880572411
29.0,34.0,154.0,0.28978233309618906,0.044756773833066546
29.0,35.0,154.0,0.2888920949966487,0.043087708421269175
30.0,20.0,154.0,0.30736699888164143,0.1109370926232926
30.0,21.0,154.0,0.308836878866232,0.10271071893411406
30.0,22.0,154.0,0.3067918281799301,0.0926278664950522
30.0,23.0,154.0,0.30504161889036735,0.07927342784853182
30.0,24.0,154.0,0.30247865948447994,0.06540659830391236
30.0,25.0,154.0,0.3055717147211622,0.06272192086385654
30.0,26.0,154.0,0.3056478813559242,0.05450752816814814
30.0,27.0,154.0,0.3028860614661939,0.04745675839500362
30.0,28.0,154.0,0.30101780808689116,0.042972694825947615
30.0,29.0,154.0,0.3001963922018361,0.0391683017467663
30.0,30.0,154.0,0.2982068982649737,0.03379331499567742
30.0,31.0,154.0,0.29704113780484365,0.03138456255222668
30.0,32.0,154.0,0.29395159521509917,0.02890236431430822
30.0,33.0,154.0,0.29321444290322235,0.02735025643757396
30.0,34.0,154.0,0.2924868241063678,0.02537208518504326
30.0,35.0,154.0,0.2918557514752952,0.024135692636157637
31.0,20.0,154.0,0.3062302060808774,0.10777039761386588
31.0,21.0,154.0,0.3095835597016892,0.10519663588613365
31.0,22.0,154.0,0.30748302372848013,0.09052042487686447
31.0,23.0,154.0,0.30487742829555514,0.07559775736500952
31.0,24.0,154.0,0.2982046405562729,0.06214018003487368
31.0,25.0,154.0,0.30143597376328374,0.06065840967172335
31.0,26.0,154.0,0.3023666487460042,0.052900852838712924
31.0,27.0,154.0,0.3003450193718647,0.04785413802034275
31.0,28.0,154.0,0.2992864241706412,0.04382683917829305
31.0,29.0,154.0,0.2986877068301237,0.04063046624363403
31.0,30.0,154.0,0.29704725193795256,0.035885969144236224
31.0,31.0,154.0,0.29587674113198686,0.033446626553617825
31.0,32.0,154.0,0.29572068187505657,0.03173934279112828
31.0,33.0,154.0,0.2950701286174229,0.03017478900646921
31.0,34.0,154.0,0.2943920492551652,0.028076999019118733
31.0,35.0,154.0,0.2938172166803326,0.0269146805443072
32.0,20.0,154.0,0.3046611715154357,0.095094080065703
32.0,21.0,154.0,0.3059939334324599,0.09306403148440631
32.0,22.0,154.0,0.3040162449561287,0.07889302995654433
32.0,23.0,154.0,0.301809701417112,0.06342311576778363
32.0,24.0,154.0,0.2979245811733537,0.047649275621016
32.0,25.0,154.0,0.302356008794125,0.04539921580809032
32.0,26.0,154.0,0.30112774837505946,0.03517360065112406
32.0,27.0,154.0,0.29915418734697596,0.03012202619917214
32.0,28.0,154.0,0.29828586157781295,0.02614878495529768
32.0,29.0,154.0,0.2987343675453883,0.02491563483038831
32.0,30.0,154.0,0.29702082728447965,0.02053521227529447
32.0,31.0,154.0,0.2959131980413955,0.018194548783355156
32.0,32.0,154.0,0.29542264997962686,0.01588398827898108
32.0,33.0,154.0,0.2946285611648642,0.014059328717760602
32.0,34.0,154.0,0.29398171992342886,0.011902990104722481
32.0,35.0,154.0,0.2930425311618144,0.009954221361341636
33.0,20.0,154.0,0.3093018719719295,0.08913258726375463
33.0,21.0,154.0,0.31028525357440684,0.08681224108130883
33.0,22.0,154.0,0.3069257608767796,0.07057513051152092
33.0,23.0,154.0,0.30452048432670425,0.05667616133279568
33.0,24.0,154.0,0.30075432859595397,0.041078524511274535
33.0,25.0,154.0,0.30489081873729695,0.038096106539608834
33.0,26.0,154.0,0.3036287949583375,0.027700921401111963
33.0,27.0,154.0,0.30158127069149143,0.022345423409058564
33.0,28.0,154.0,0.30028429237075005,0.017593913728667983
33.0,29.0,154.0,0.30052904525737945,0.01603318038433279
33.0,30.0,154.0,0.2980763745616881,0.010839314241985943
33.0,31.0,154.0,0.2970157210706579,0.008494024856397496
33.0,32.0,154.0,0.2965306645607757,0.006189208667930337
33.0,33.0,154.0,0.2956094016410273,0.0040348809183696445
33.0,34.0,154.0,0.29458316032932214,0.001155574133270277
33.0,35.0,154.0,0.29343902212249123,-0.0012278868218711834
34.0,20.0,154.0,0.3165920214331019,0.08736833536489799
34.0,21.0,154.0,0.3132779951962806,0.07609195317640838
34.0,22.0,154.0,0.31697237172388604,0.06405199333290346
34.0,23.0,154.0,0.3138568212931063,0.04939879318675788
34.0,24.0,154.0,0.3105375278420245,0.034041241033273856
34.0,25.0,154.0,0.3133548033001098,0.027059553078607596
34.0,26.0,154.0,0.31089690185191465,0.01657600086818242
34.0,27.0,154.0,0.30896352190822496,0.01147599641102611
34.0,28.0,154.0,0.30737239375520414,0.00603666545946656
34.0,29.0,154.0,0.3075370327396832,0.0043567746499022005
34.0,30.0,154.0,0.3051196600792899,-0.0008712738639512954
34.0,31.0,154.0,0.3038770307905189,-0.003556928333342362
34.0,32.0,154.0,0.3032693783566217,-0.006072777335408279
34.0,33.0,154.0,0.3024262750816238,-0.008195342118892224
34.0,34.0,154.0,0.30146789072725666,-0.010960762790105483
34.0,35.0,154.0,0.30043026952086826,-0.013219960167217973
35.0,20.0,154.0,0.3154566342481215,0.07897892275826504
35.0,21.0,154.0,0.31384104237908517,0.06780682294429669
35.0,22.0,154.0,0.3177392828253063,0.05462523484308392
35.0,23.0,154.0,0.31540665306273324,0.039602735795838374
35.0,24.0,154.0,0.31219400517415724,0.025952321615525596
35.0,25.0,154.0,0.31489144160939875,0.01940592797809555
35.0,26.0,154.0,0.3123070049953489,0.00858496928224361
35.0,27.0,154.0,0.3104632617840839,0.003465135114416834
35.0,28.0,154.0,0.3085584871534356,-0.0025324216520295735
35.0,29.0,154.0,0.308473081818305,-0.004927476961346425
35.0,30.0,154.0,0.30615876532213737,-0.010148870859924183
35.0,31.0,154.0,0.30492869888865004,-0.012812584821609518
35.0,32.0,154.0,0.3040278836342152,-0.016268763556412297
35.0,33.0,154.0,0.30317732516382684,-0.018475495343991483
35.0,34.0,154.0,0.30211776057507267,-0.02157373360759505
35.0,35.0,154.0,0.30103464684392706,-0.023944435781159176
36.0,20.0,154.0,0.3101506603744862,0.06538664742104498
36.0,21.0,154.0,0.30780335319407515,0.05468687968750364
36.0,22.0,154.0,0.3136060562657096,0.043931406535104675
36.0,23.0,154.0,0.31202615274209716,0.029558343511581597
36.0,24.0,154.0,0.3079891717537766,0.014614009815345762
36.0,25.0,154.0,0.3107398958595088,0.00900801765806667
36.0,26.0,154.0,0.3079969554333546,-0.0018842149688017206
36.0,27.0,154.0,0.3061593965890019,-0.007569614062971275
36.0,28.0,154.0,0.30423407684032033,-0.013620464606051232
36.0,29.0,154.0,0.30382415492530596,-0.016951317314719837
36.0,30.0,154.0,0.30134695399422845,-0.02239490747000233
36.0,31.0,154.0,0.29940659431485805,-0.026029646458685017
36.0,32.0,154.0,0.29826263807133674,-0.029800431250186013
36.0,33.0,154.0,0.2972456008606368,-0.03233135316085168
36.0,34.0,154.0,0.2965166050250793,-0.034983930906541054
36.0,35.0,154.0,0.2953992254853604,-0.03746278536764283
37.0,20.0,154.0,0.30911818919506584,0.056931018850095993
37.0,21.0,154.0,0.3064475311046779,0.04578269820232411
37.0,22.0,154.0,0.3116213215758058,0.03361270389160637
37.0,23.0,154.0,0.30980125927794927,0.018841589137456604
37.0,24.0,154.0,0.30534549863269195,0.0024688711386825633
37.0,25.0,154.0,0.30829859637126267,-0.0030717007527273858
37.0,26.0,154.0,0.3049969382963578,-0.015025101169229806
37.0,27.0,154.0,0.3029478435961359,-0.02104061069041821
37.0,28.0,154.0,0.3011419520736278,-0.026960667481794053
37.0,29.0,154.0,0.3003135803373075,-0.030942888790983378
37.0,30.0,154.0,0.29768996532099495,-0.03663981239680829
37.0,31.0,154.0,0.2957576250409632,-0.040335667366362626
37.0,32.0,154.0,0.2946672095436099,-0.04404763801201838
37.0,33.0,154.0,0.29365841561230854,-0.0466381595952878
37.0,34.0,154.0,0.29262322035384697,-0.049685439307057266
37.0,35.0,154.0,0.2908189539684261,-0.05310903086923293
38.0,20.0,154.0,0.3070862057862893,0.04516894596849091
38.0,21.0,154.0,0.3029759948744469,0.030666939324149663
38.0,22.0,154.0,0.3077732086367373,0.019034288539522867
38.0,23.0,154.0,0.30681666054675993,0.0038700642654298984
38.0,24.0,154.0,0.3031574343905454,-0.011537538339094029
38.0,25.0,154.0,0.3059895956193026,-0.017336226730519013
38.0,26.0,154.0,0.30223818155717097,-0.030045378206280535
38.0,27.0,154.0,0.30010050506091707,-0.03679293525203709
38.0,28.0,154.0,0.2982833929935899,-0.04279642033819693
38.0,29.0,154.0,0.29704030302924894,-0.047803419710395506
38.0,30.0,154.0,0.2942609482941567,-0.05396100898808943
38.0,31.0,154.0,0.29182314197957154,-0.058433210045665096
38.0,32.0,154.0,0.29074445151396444,-0.062237211254821755
38.0,33.0,154.0,0.2897552343424296,-0.0648106231781167
38.0,34.0,154.0,0.28874272041735843,-0.0678388998662125
38.0,35.0,154.0,0.2869682292750079,-0.07123387334962465
39.0,20.0,154.0,0.3044861870350196,0.03733856352871591
39.0,21.0,154.0,0.30554104183809355,0.025474514767437593
39.0,22.0,154.0,0.30954499534923,0.012948485015925494
39.0,23.0,154.0,0.3080818545439117,-0.0029950016608119223
39.0,24.0,154.0,0.3037313905710374,-0.019608491867075025
39.0,25.0,154.0,0.3063240336403321,-0.025499312791408137
39.0,26.0,154.0,0.30219785041206765,-0.03864556399100065
39.0,27.0,154.0,0.2996756224703094,-0.04620628684157711
39.0,28.0,154.0,0.29783928825120914,-0.05215376137518387
39.0,29.0,154.0,0.2964583563738785,-0.05723760750673013
39.0,30.0,154.0,0.2936896928244033,-0.06357820339077987
39.0,31.0,154.0,0.29114773873597294,-0.06829626467192798
39.0,32.0,154.0,0.28972073141011756,-0.07271228148650347
39.0,33.0,154.0,0.28839908724459923,-0.07592217293009071
39.0,34.0,154.0,0.28702688589443254,-0.07956941007028175
39.0,35.0,154.0,0.28508552130434966,-0.08322420885364093
40.0,20.0,154.0,0.3037151534920795,0.031446985058603154
40.0,21.0,154.0,0.3042857126265395,0.01849991326109543
40.0,22.0,154.0,0.3082263161272511,0.0058728245331938845
40.0,23.0,154.0,0.3064296954469578,-0.011647942774793389
40.0,24.0,154.0,0.3034602971965628,-0.02728194448026141
40.0,25.0,154.0,0.306212395156056,-0.03299298000688953
40.0,26.0,154.0,0.30174333641187207,-0.046857050579160016
40.0,27.0,154.0,0.2991362336681913,-0.054550209281065694
40.0,28.0,154.0,0.2971339124043637,-0.06090378556350816
40.0,29.0,154.0,0.29568875516380627,-0.06610075302717958
40.0,30.0,154.0,0.2929329647832185,-0.0725199396096717
40.0,31.0,154.0,0.2903993985114279,-0.07751254593552867
40.0,32.0,154.0,0.2887010247412808,-0.08244439747361125
40.0,33.0,154.0,0.2870529853843691,-0.0863162943165034
40.0,34.0,154.0,0.2855685982684005,-0.09017082703634229
40.0,35.0,154.0,0.2835148749812105,-0.09400727696503451
25.0,20.0,156.0,0.2957352987449954,0.14530706331591495
25.0,21.0,156.0,0.29567957163324726,0.1407849225985097
25.0,22.0,156.0,0.29845061657303773,0.13496982022684817
25.0,23.0,156.0,0.2973763300926388,0.12651843831483645
25.0,24.0,156.0,0.2948816097741203,0.1125480230362812
25.0,25.0,156.0,0.293448940730549,0.10742091467826032
25.0,26.0,156.0,0.29328001852965246,0.1005101497219812
25.0,27.0,156.0,0.2957301041263766,0.09884852541425983
25.0,28.0,156.0,0.2932043474463111,0.09346714937688363
25.0,29.0,156.0,0.2897654352574725,0.0885914325923745
25.0,30.0,156.0,0.2868905449749836,0.08310668900139055
25.0,31.0,156.0,0.2848570851738903,0.07896115488036873
25.0,32.0,156.0,0.28400759169696466,0.07612695901978758
25.0,33.0,156.0,0.2826431988224349,0.07350088280554533
25.0,34.0,156.0,0.27912258018138286,0.07087945955312686
25.0,35.0,156.0,0.27841957512543664,0.06927164890129407
26.0,20.0,156.0,0.3082058183257961,0.1440659877582207
26.0,21.0,156.0,0.3076011814414127,0.13588007557279633
26.0,22.0,156.0,0.30781129152328823,0.12934094945456903
26.0,23.0,156.0,0.3025888690152385,0.11848079578397629
26.0,24.0,156.0,0.30151198546477087,0.10730352082938661
26.0,25.0,156.0,0.30333861854842326,0.10311514129914397
26.0,26.0,156.0,0.30241488869723643,0.09542958353568338
26.0,27.0,156.0,0.30426727180491586,0.09322169695717503
26.0,28.0,156.0,0.3016747028726885,0.08813058970268689
26.0,29.0,156.0,0.2982122469760957,0.08271957504384343
26.0,30.0,156.0,0.29533735669360683,0.07723483145285953
26.0,31.0,156.0,0.2927172419394903,0.07226714535861054
26.0,32.0,156.0,0.291876463331449,0.06948064635454973
26.0,33.0,156.0,0.29034591859181735,0.06668514344043922
26.0,34.0,156.0,0.2869145614288813,0.06437890191220301
26.0,35.0,156.0,0.28620342629163426,0.06276681775609667
27.0,20.0,156.0,0.3116179011062724,0.1488866532867376
27.0,21.0,156.0,0.3066497375407976,0.13759928973435953
27.0,22.0,156.0,0.30866689443041545,0.1300283581749846
27.0,23.0,156.0,0.3049242381034892,0.12171948737339394
27.0,24.0,156.0,0.3036301692479867,0.1115260041164801
27.0,25.0,156.0,0.30656393079472166,0.10987954013988126
27.0,26.0,156.0,0.3060785637727023,0.1034341586903385
27.0,27.0,156.0,0.30789222653373294,0.1009845980396439
27.0,28.0,156.0,0.30561918476069116,0.0968667454511826
27.0,29.0,156.0,0.3029315492123149,0.09262750562710179
27.0,30.0,156.0,0.3003108864442837,0.08785973204342455
27.0,31.0,156.0,0.2980711888281559,0.0837326861776803
27.0,32.0,156.0,0.2975749531537996,0.08183561225222226
27.0,33.0,156.0,0.29621590073334364,0.07950182081379854
27.0,34.0,156.0,0.29290388779501486,0.07763028215717814
27.0,35.0,156.0,0.2917613068617363,0.07558774641089099
28.0,20.0,156.0,0.3023704856953133,0.12900155308988273
28.0,21.0,156.0,0.30048449540461936,0.1192597933913023
28.0,22.0,156.0,0.3002269720673627,0.11108525063388851
28.0,23.0,156.0,0.2992541267637545,0.10187307075845965
28.0,24.0,156.0,0.2975312324201801,0.0907666603240007
28.0,25.0,156.0,0.3016352476743675,0.09003241029338076
28.0,26.0,156.0,0.30012781914081005,0.08203012106635386
28.0,27.0,156.0,0.2984993134283517,0.07689037228978922
28.0,28.0,156.0,0.29618607833183497,0.07206458600801065
28.0,29.0,156.0,0.29436787007817333,0.06859394481658522
28.0,30.0,156.0,0.29222339778633266,0.06437984560635296
28.0,31.0,156.0,0.2906333805910523,0.06118159716945608
28.0,32.0,156.0,0.28753815087797363,0.05868242840063521
28.0,33.0,156.0,0.2864939270705919,0.0567439507870894
28.0,34.0,156.0,0.28398866443199594,0.056320773151354496
28.0,35.0,156.0,0.2830147692487985,0.05450620509405447
29.0,20.0,156.0,0.3079657532974021,0.1286794520530705
29.0,21.0,156.0,0.308203299078157,0.11926692515271377
29.0,22.0,156.0,0.3092110771537353,0.11147379111880008
29.0,23.0,156.0,0.30785867589026156,0.09816527316142853
29.0,24.0,156.0,0.3045209101796969,0.085286649215384
29.0,25.0,156.0,0.3077821043002375,0.08471553091518985
29.0,26.0,156.0,0.30588043612037363,0.07344944909180594
29.0,27.0,156.0,0.3033794918575298,0.06685968800404817
29.0,28.0,156.0,0.3014584918049509,0.062295394899214665
29.0,29.0,156.0,0.29971137150734917,0.059074249811401414
29.0,30.0,156.0,0.29753140138001066,0.05376325173456647
29.0,31.0,156.0,0.2959046845810645,0.050775581914099546
29.0,32.0,156.0,0.2928124257533096,0.04828558640522593
29.0,33.0,156.0,0.2918057210636904,0.0464978150188196
29.0,34.0,156.0,0.2892895155207868,0.046086666462543405
29.0,35.0,156.0,0.28839959063086196,0.04441776884161148
30.0,20.0,156.0,0.30909242805792414,0.11166484959870923
30.0,21.0,156.0,0.31027638507483274,0.10284980261946487
30.0,22.0,156.0,0.3080836860333916,0.09267205767186684
30.0,23.0,156.0,0.3063596818124394,0.07956474120054476
30.0,24.0,156.0,0.30381027854302406,0.06560897936955495
30.0,25.0,156.0,0.30664754994252713,0.0624842773740298
30.0,26.0,156.0,0.30654444965302613,0.05395469558202244
30.0,27.0,156.0,0.3038290278096939,0.04699916390411603
30.0,28.0,156.0,0.30196077443039115,0.04251510033506004
30.0,29.0,156.0,0.301139358545336,0.038710707255878704
30.0,30.0,156.0,0.2991498646084737,0.033335720504789855
30.0,31.0,156.0,0.297999298830205,0.030959647799901163
30.0,32.0,156.0,0.2949097562404605,0.028477449561982737
30.0,33.0,156.0,0.2941726039285837,0.026925341685248454
30.0,34.0,156.0,0.292008002361413,0.026765826849099124
30.0,35.0,156.0,0.2913772225132419,0.025529590905021295
31.0,20.0,156.0,0.3077382125389379,0.10814713907834206
31.0,21.0,156.0,0.31071874011708867,0.10486376416625326
31.0,22.0,156.0,0.3084797401937379,0.09011277289278302
31.0,23.0,156.0,0.3059008477585631,0.07543750715081124
31.0,24.0,156.0,0.29917144071715646,0.06180552744883498
31.0,25.0,156.0,0.3021036724453589,0.059742169557764284
31.0,26.0,156.0,0.30287217452091036,0.05170910616813745
31.0,27.0,156.0,0.3008950438579362,0.046750626643884956
31.0,28.0,156.0,0.2998364486567127,0.04272332780183528
31.0,29.0,156.0,0.2992512979964286,0.03955418798264464
31.0,30.0,156.0,0.29761084310425745,0.03480969088324683
31.0,31.0,156.0,0.2965056090819593,0.03247408952330466
31.0,32.0,156.0,0.2963495498250289,0.030766805760815134
31.0,33.0,156.0,0.2956989965673953,0.029202251976156036
31.0,34.0,156.0,0.2935771129814146,0.028905277457005447
31.0,35.0,156.0,0.2930025731894834,0.02774311558700168
32.0,20.0,156.0,0.30624112613661586,0.09559807069750777
32.0,21.0,156.0,0.307205999590464,0.09288897347414589
32.0,22.0,156.0,0.3050890526127553,0.07863893027403897
32.0,23.0,156.0,0.30288398732566324,0.06339188672526333
32.0,24.0,156.0,0.298925843131797,0.04743387619688727
32.0,25.0,156.0,0.303045579829803,0.04459128691143004
32.0,26.0,156.0,0.3016556000183077,0.03409045798074888
32.0,27.0,156.0,0.2997265377013896,0.02912711882291464
32.0,28.0,156.0,0.29885821193222656,0.025153877579040175
32.0,29.0,156.0,0.29932028458003523,0.02394796056959921
32.0,30.0,156.0,0.2976067443191266,0.01956753801450535
32.0,31.0,156.0,0.29655469567354326,0.01731352173614826
32.0,32.0,156.0,0.2960837554549119,0.015033264262077208
32.0,33.0,156.0,0.2953006135476478,0.013228097878244655
32.0,34.0,156.0,0.2932056407304882,0.012862796986786546
32.0,35.0,156.0,0.29228046882251124,0.010932480309036308
33.0,20.0,156.0,0.3109015510681773,0.08966034005657582
33.0,21.0,156.0,0.3115541959734785,0.08675079215700915
33.0,22.0,156.0,0.30808452724275437,0.07044898322790509
33.0,23.0,156.0,0.30569361357768765,0.05678910664098653
33.0,24.0,156.0,0.30182750738418856,0.04091213358270667
33.0,25.0,156.0,0.3056275304138995,0.03731942315447239
33.0,26.0,156.0,0.3042036920929093,0.026648958216728722
33.0,27.0,156.0,0.30220066653722866,0.021381695518792987
33.0,28.0,156.0,0.3009036882164873,0.016630185838402395
33.0,29.0,156.0,0.30117417101390404,0.015119618759403727
33.0,30.0,156.0,0.2987215003182127,0.009925752617056915
33.0,31.0,156.0,0.2977119431277717,0.007658675467575424
33.0,32.0,156.0,0.29724649446102674,0.005384162309411311
33.0,33.0,156.0,0.29634407964410864,0.0032609730120416614
33.0,34.0,156.0,0.29386796520321345,0.0021685433493960613
33.0,35.0,156.0,0.2926780667622545,-0.0003404386647590509
34.0,20.0,156.0,0.31817197334181635,0.08781269482561689
34.0,21.0,156.0,0.3145171323523956,0.0759410201987236
34.0,22.0,156.0,0.3180972139317444,0.06384029913709273
34.0,23.0,156.0,0.31499812288036244,0.049428342774325576
34.0,24.0,156.0,0.31146879902676,0.03372527446489157
34.0,25.0,156.0,0.31395255294937097,0.026137777146554887
34.0,26.0,156.0,0.31136022210602704,0.015419381544546234
34.0,27.0,156.0,0.30946971287187475,0.010402165758413889
34.0,28.0,156.0,0.30787890538584123,0.004963035912937793
34.0,29.0,156.0,0.30806665450837295,0.003325571430629489
34.0,30.0,156.0,0.3056492818479797,-0.0019024770832239953
34.0,31.0,156.0,0.3044691520681692,-0.0044921364594803816
34.0,32.0,156.0,0.3038885346907188,-0.006966703072437829
34.0,33.0,156.0,0.30305844672285387,-0.009071059011625969
34.0,34.0,156.0,0.30064776326912884,-0.010054553058089603
34.0,35.0,156.0,0.2995622230416238,-0.012443467512904524
35.0,20.0,156.0,0.3172233139055454,0.07968096747466628
35.0,21.0,156.0,0.3152315866031916,0.06773571548192565
35.0,22.0,156.0,0.318863315303137,0.05423678353037026
35.0,23.0,156.0,0.31653386579369547,0.039437646814763506
35.0,24.0,156.0,0.3131119700295783,0.025448190375542003
35.0,25.0,156.0,0.3154871627154279,0.01830628362880224
35.0,26.0,156.0,0.3127828998002341,0.0072602289310810504
35.0,27.0,156.0,0.31097828230383584,0.00222110817434131
35.0,28.0,156.0,0.3090856188269809,-0.003762967287155382
35.0,29.0,156.0,0.30902332362990304,-0.006115596269216168
35.0,30.0,156.0,0.30670900713373533,-0.011336990167793937
35.0,31.0,156.0,0.30553840231143375,-0.013908443863608835
35.0,32.0,156.0,0.30468096198272676,-0.0173000301859931
35.0,33.0,156.0,0.3038436757831881,-0.019488416081960905
35.0,34.0,156.0,0.3013410364897493,-0.020798971131724926
35.0,35.0,156.0,0.30021201718351437,-0.023298290223202067
36.0,20.0,156.0,0.31193671126456285,0.06610634400127775
36.0,21.0,156.0,0.30922497327196746,0.05464791028917314
36.0,22.0,156.0,0.31475984044054056,0.043572923222671534
36.0,23.0,156.0,0.3131840188680054,0.029423558601825016
36.0,24.0,156.0,0.30838272234123276,0.013123452829705829
36.0,25.0,156.0,0.3108206446548091,0.006970625162272217
36.0,26.0,156.0,0.30795218189107587,-0.004150519880659193
36.0,27.0,156.0,0.306264859872701,-0.009564729373265506
36.0,28.0,156.0,0.3043516116082602,-0.0156021248825243
36.0,29.0,156.0,0.3039705990015453,-0.01888706723269582
36.0,30.0,156.0,0.30149339807046777,-0.024330657387978297
36.0,31.0,156.0,0.29961879791011553,-0.02786344674166519
36.0,32.0,156.0,0.29851757997403844,-0.03157095664380433
36.0,33.0,156.0,0.2975127008998663,-0.03408562082630751
36.0,34.0,156.0,0.29533782419892335,-0.03495327602623241
36.0,35.0,156.0,0.2941738050686584,-0.03756190702835535
37.0,20.0,156.0,0.3109288308717617,0.05767790911528259
37.0,21.0,156.0,0.30789366521109945,0.045770875275174754
37.0,22.0,156.0,0.3127995850650799,0.03328134581081483
37.0,23.0,156.0,0.31097938317152585,0.01872996120537341
37.0,24.0,156.0,0.30576855712465284,0.0010344479578105025
37.0,25.0,156.0,0.30840796652189106,-0.005063421770440716
37.0,26.0,156.0,0.30498019538395355,-0.017246670482366982
37.0,27.0,156.0,0.3030813375097095,-0.022990990401992116
37.0,28.0,156.0,0.3012865316163012,-0.028899061748775157
37.0,29.0,156.0,0.3005678604811288,-0.03271633606638848
37.0,30.0,156.0,0.2979541329941699,-0.03839655123445231
37.0,31.0,156.0,0.29608272369709704,-0.041999370584655256
37.0,32.0,156.0,0.29503448062426907,-0.045649181168150935
37.0,33.0,156.0,0.29403688854370963,-0.048225208691688205
37.0,34.0,156.0,0.29155504241909247,-0.04948887574406056
37.0,35.0,156.0,0.28978525791179605,-0.05295640727690098
38.0,20.0,156.0,0.3089041684251628,0.045922110503109695
38.0,21.0,156.0,0.304430037848061,0.030661630916345838
38.0,22.0,156.0,0.30895929732302724,0.01870939953693812
38.0,23.0,156.0,0.308002572602703,0.0037648853489730704
38.0,24.0,156.0,0.30358828104487273,-0.012965512504339702
38.0,25.0,156.0,0.30610675393229747,-0.019321498732605944
38.0,26.0,156.0,0.30223442585644983,-0.03225451559780844
38.0,27.0,156.0,0.3002469861861738,-0.03873088304200173
38.0,28.0,156.0,0.29844011799710474,-0.04472361725146999
38.0,29.0,156.0,0.2973067286339117,-0.049565669632092565
38.0,30.0,156.0,0.29454184805814665,-0.055703827160478586
38.0,31.0,156.0,0.2922255787871265,-0.06000362751933776
38.0,32.0,156.0,0.2911890607460447,-0.06374546866633435
38.0,33.0,156.0,0.2902110111891201,-0.06630440504722183
38.0,34.0,156.0,0.2877511584033975,-0.06754949907248053
38.0,35.0,156.0,0.2860111174420622,-0.07098842964462329
39.0,20.0,156.0,0.3061319416955909,0.03772250587629186
39.0,21.0,156.0,0.3068237453556592,0.025100516965478496
39.0,22.0,156.0,0.3105600982530634,0.012255132591556724
39.0,23.0,156.0,0.30909741098291926,-0.0034682492055513113
39.0,24.0,156.0,0.30399755291433234,-0.021395249066023546
39.0,25.0,156.0,0.30627697880349053,-0.027843079662203892
39.0,26.0,156.0,0.30202998589019214,-0.041213132961700365
39.0,27.0,156.0,0.2996634413975054,-0.04849939823685736
39.0,28.0,156.0,0.2978375457780261,-0.054436004288422525
39.0,29.0,156.0,0.2965705485704593,-0.05934725339685118
39.0,30.0,156.0,0.2938156711858153,-0.06566884752815304
39.0,31.0,156.0,0.2913991436491871,-0.07021142728599353
39.0,32.0,156.0,0.2900143087478571,-0.07456528403840898
39.0,33.0,156.0,0.28870382242335435,-0.0777607052096643
39.0,34.0,156.0,0.2858744077710164,-0.0797393612653533
39.0,35.0,156.0,0.2839674842864682,-0.08343812202424042
40.0,20.0,156.0,0.3053708646678704,0.031843808566886345
40.0,21.0,156.0,0.30557837265932475,0.018350324911752598
40.0,22.0,156.0,0.30925203132597895,0.005404261615926511
40.0,23.0,156.0,0.30745586418085985,-0.012107929104340387
40.0,24.0,156.0,0.3037490562722297,-0.029048546704182634
40.0,25.0,156.0,0.3061854859736636,-0.03531826259600456
40.0,26.0,156.0,0.3015889309442469,-0.049400985816109
40.0,27.0,156.0,0.2991367737228367,-0.056820160513638536
40.0,28.0,156.0,0.29714487055148847,-0.06316288097194682
40.0,29.0,156.0,0.29581260261998776,-0.06818852347886822
40.0,30.0,156.0,0.29307004145630583,-0.07458905230586049
40.0,31.0,156.0,0.2906619017363175,-0.07940617710840986
40.0,32.0,156.0,0.28900570039069573,-0.08427586858433236
40.0,33.0,156.0,0.28736881887479954,-0.0881332951548926
40.0,34.0,156.0,0.2844274222569298,-0.09031915635890275
40.0,35.0,156.0,0.2824081400752743,-0.09419956826312292
25.0,20.0,158.0,0.2957092918457729,0.14180472642509262
25.0,21.0,158.0,0.29570245580543597,0.13742868081598578
25.0,22.0,158.0,0.298126170342506,0.13088775501766606
25.0,23.0,158.0,0.2965298223591147,0.1209897908732032
25.0,24.0,158.0,0.29411514050736526,0.10735030089679372
25.0,25.0,158.0,0.29264475790629013,0.10219076398405358
25.0,26.0,158.0,0.2919841219985712,0.0946359924529827
25.0,27.0,158.0,0.29448635993965444,0.09313574784865779
25.0,28.0,158.0,0.2919611114865123,0.08775467347040677
25.0,29.0,158.0,0.2885650567528074,0.0829921319164641
25.0,30.0,158.0,0.2857992154460341,0.07763619333689398
25.0,31.0,158.0,0.2837657556449408,0.07349065921587215
25.0,32.0,158.0,0.28291626216801513,0.07065646335529092
25.0,33.0,158.0,0.2815584052411978,0.06803435539501697
25.0,34.0,158.0,0.27773364519249555,0.066773727955707
25.0,35.0,158.0,0.27703064013654927,0.06516591730387418
26.0,20.0,158.0,0.3075594392340073,0.1400185640128486
26.0,21.0,158.0,0.30713685460682794,0.1321807671377428
26.0,22.0,158.0,0.3071054543918032,0.12511681983404985
26.0,23.0,158.0,0.3013700928036765,0.11281585593677806
26.0,24.0,158.0,0.3003590781389657,0.1019532863436065
26.0,25.0,158.0,0.30223549636387065,0.09790361285521694
26.0,26.0,158.0,0.3005832050099474,0.08910526106898421
26.0,27.0,158.0,0.30250779535215294,0.08711387096723859
26.0,28.0,158.0,0.29991568210459185,0.08202303248660421
26.0,29.0,158.0,0.29649608366313274,0.0767251930583273
26.0,30.0,158.0,0.29373024235635947,0.07136925447875711
26.0,31.0,158.0,0.2911275189065907,0.06644552442846416
26.0,32.0,158.0,0.29028674029854956,0.06365902542440337
26.0,33.0,158.0,0.28876273150663023,0.06086749076426113
26.0,34.0,158.0,0.2850426175514286,0.05995775933484766
26.0,35.0,158.0,0.2843314824141816,0.05834567517874135
27.0,20.0,158.0,0.310992367471062,0.14510159332503614
27.0,21.0,158.0,0.30631953794273964,0.1343729925197794
27.0,22.0,158.0,0.30798035765169574,0.12606574439167412
27.0,23.0,158.0,0.3037247622446925,0.11642182750935885
27.0,24.0,158.0,0.30249656227494687,0.10654304961386314
27.0,25.0,158.0,0.30548010896293454,0.10503529167911735
27.0,26.0,158.0,0.30426618043817866,0.09747711620680248
27.0,27.0,158.0,0.30615205043373533,0.09524405203287063
27.0,28.0,158.0,0.30387946434535984,0.09112646821826303
27.0,29.0,158.0,0.30123468625211736,0.08700040362474874
27.0,30.0,158.0,0.29872307245980173,0.08236143505248522
27.0,31.0,158.0,0.29650076614802173,0.07827834523069706
27.0,32.0,158.0,0.29600453047366543,0.076381271305239
27.0,33.0,158.0,0.29465201400092184,0.07405144812078356
27.0,34.0,158.0,0.29105124427032764,0.07357641956298593
27.0,35.0,158.0,0.28990866333704896,0.07153388381669877
28.0,20.0,158.0,0.30269443600370777,0.1260891304755634
28.0,21.0,158.0,0.300929865834445,0.11658820428226373
28.0,22.0,158.0,0.30032100844348086,0.10770486473596139
28.0,23.0,158.0,0.2988352240597958,0.097157638779808
28.0,24.0,158.0,0.2971783883246984,0.08636604708545186
28.0,25.0,158.0,0.30128059031927973,0.08568133412766193
28.0,26.0,158.0,0.2995401858094706,0.07720721345714615
28.0,27.0,158.0,0.2979813535204615,0.07226877769321527
28.0,28.0,158.0,0.2956685505387144,0.06744324552489835
28.0,29.0,158.0,0.29389319974018646,0.06408577956403945
28.0,30.0,158.0,0.29175195631824125,0.05987350123823679
28.0,31.0,158.0,0.2901771338048223,0.05670793253990202
28.0,32.0,158.0,0.2870819040917436,0.05420876377108113
28.0,33.0,158.0,0.28604421623207427,0.052274254411503615
28.0,34.0,158.0,0.2832483788660615,0.05323910570434558
28.0,35.0,158.0,0.282274483682864,0.051424537647045576
29.0,20.0,158.0,0.30819681122458337,0.12538453967701
29.0,21.0,158.0,0.3085307996561218,0.11620693679494913
29.0,22.0,158.0,0.3092539840334849,0.10782541386911333
29.0,23.0,158.0,0.3063865799000655,0.09359576703624826
29.0,24.0,158.0,0.30421342595143297,0.08087762278085514
29.0,25.0,158.0,0.3074694034614504,0.08045740797945033
29.0,26.0,158.0,0.30537119063661594,0.06885856962228422
29.0,27.0,158.0,0.3029291867835897,0.06245806824098927
29.0,28.0,158.0,0.30100861884578045,0.0578940292496174
29.0,29.0,158.0,0.29930071423445326,0.05478399527291527
29.0,30.0,158.0,0.29712074410711475,0.04947299719608034
29.0,31.0,158.0,0.29550759398840193,0.04651256049108176
29.0,32.0,158.0,0.29241533516064705,0.04402256498220819
29.0,33.0,158.0,0.2914132171010015,0.042237516907348685
29.0,34.0,158.0,0.2886021572447922,0.043208482879101326
29.0,35.0,158.0,0.28771223235486737,0.04153958525816942
30.0,20.0,158.0,0.30919448484290063,0.10824657011211097
30.0,21.0,158.0,0.31038978886360363,0.09946907134712618
30.0,22.0,158.0,0.30796628523977926,0.08877673124230451
30.0,23.0,158.0,0.30583838925999257,0.07450001074759825
30.0,24.0,158.0,0.30334390073489953,0.060954244251348974
30.0,25.0,158.0,0.30618841469547764,0.05797598908370911
30.0,26.0,158.0,0.3058889523181359,0.04911010742960211
30.0,27.0,158.0,0.30323259920961343,0.042343910389051005
30.0,28.0,158.0,0.30136475597314294,0.03786008732023556
30.0,29.0,158.0,0.3005825557743623,0.03416680535216534
30.0,30.0,158.0,0.2985930618375,0.0287918186010765
30.0,31.0,158.0,0.2974560627394646,0.02644297901165621
30.0,32.0,158.0,0.2943665201497201,0.023960780773737776
30.0,33.0,158.0,0.2936339544678169,0.022411396208550316
30.0,34.0,158.0,0.2911744985873407,0.023633995900429843
30.0,35.0,158.0,0.2905437187391695,0.022397759956351994
31.0,20.0,158.0,0.30770705378713303,0.1043844070629078
31.0,21.0,158.0,0.31070752763966036,0.10126039822388688
31.0,22.0,158.0,0.30818485046957206,0.08597059689967722
31.0,23.0,158.0,0.30563737250934925,0.07137071533221338
31.0,24.0,158.0,0.2989231057872165,0.05776404888701825
31.0,25.0,158.0,0.3018728984044812,0.05586226560792611
31.0,26.0,158.0,0.3024597970021886,0.047523355287937226
31.0,27.0,158.0,0.30049248802477724,0.042590033619216254
31.0,28.0,158.0,0.2994343029663859,0.038562975277407104
31.0,29.0,158.0,0.29886131553665585,0.03541676860808456
31.0,30.0,158.0,0.2972208606444847,0.030672271508686785
31.0,31.0,158.0,0.2961265735296852,0.028356163326132534
31.0,32.0,158.0,0.29597051427275484,0.026648879563642987
31.0,33.0,158.0,0.2953245476450948,0.02508704909053073
31.0,34.0,158.0,0.292905534044608,0.026165964387301937
31.0,35.0,158.0,0.2923309942526769,0.025003802517298165
32.0,20.0,158.0,0.30631809589680675,0.09174523364014724
32.0,21.0,158.0,0.3072912027708791,0.08918657029061165
32.0,22.0,158.0,0.30490700776568624,0.07444250831687792
32.0,23.0,158.0,0.3027297177356212,0.05928980452562931
32.0,24.0,158.0,0.2988542562831335,0.04344197439899004
32.0,25.0,158.0,0.3029947180244573,0.04074577474396395
32.0,26.0,158.0,0.30142273190344826,0.02993716453690038
32.0,27.0,158.0,0.29950349127209286,0.02499898323459765
32.0,28.0,158.0,0.29863557564576204,0.021025982490963692
32.0,29.0,158.0,0.29903340544771867,0.01968782737081183
32.0,30.0,158.0,0.29731986518681003,0.015307404815717976
32.0,31.0,158.0,0.29627876344872534,0.013072881714748807
32.0,32.0,158.0,0.29580782323009397,0.010792624240677723
32.0,33.0,158.0,0.2950384674876611,0.00900645960959307
32.0,34.0,158.0,0.2926454377001185,0.010014770110725664
32.0,35.0,158.0,0.29172026579214155,0.008084453432975452
33.0,20.0,158.0,0.3108286317389469,0.08569261996019709
33.0,21.0,158.0,0.31151535306700806,0.08294883796837843
33.0,22.0,158.0,0.3078345121961223,0.06631833647593917
33.0,23.0,158.0,0.30548077863256207,0.05276144054083689
33.0,24.0,158.0,0.30169434293265324,0.036995151570825696
33.0,25.0,158.0,0.3055322215492942,0.033558243308272576
33.0,26.0,158.0,0.303296343872405,0.021814169004932684
33.0,27.0,158.0,0.3013031400022871,0.016572064162528422
33.0,28.0,158.0,0.300014234659627,0.011830895992479362
33.0,29.0,158.0,0.3002729355602044,0.010238595853274858
33.0,30.0,158.0,0.29782026486451313,0.005044729710928045
33.0,31.0,158.0,0.29682059520342563,0.002794360999207664
33.0,32.0,158.0,0.29635514653668066,0.0005198478410435072
33.0,33.0,158.0,0.2954731799566794,-0.0015744142855224972
33.0,34.0,158.0,0.29269747518523415,-0.0012966832112019746
33.0,35.0,158.0,0.29151436733930103,-0.0037960033896082936
34.0,20.0,158.0,0.3180644763521066,0.0838222713668143
34.0,21.0,158.0,0.31446120638257413,0.07214445406761884
34.0,22.0,158.0,0.31783244546081707,0.05971582849046413
34.0,23.0,158.0,0.3146578284702244,0.0453497273916256
34.0,24.0,158.0,0.31124484963417276,0.02977946027132121
34.0,25.0,158.0,0.31378771781573533,0.022362359444223892
34.0,26.0,158.0,0.3104130188063416,0.010609208111380589
34.0,27.0,158.0,0.3085309278080727,0.0056128502151794905
34.0,28.0,158.0,0.30694680286630505,0.0001816464211076894
34.0,29.0,158.0,0.30710779597809856,-0.0015506331172586573
34.0,30.0,158.0,0.3046904233177053,-0.006778681631112138
34.0,31.0,158.0,0.303534827300569,-0.00933038379549827
34.0,32.0,158.0,0.3029610005181445,-0.011795288572706921
34.0,33.0,158.0,0.30214619895565886,-0.013881550844678603
34.0,34.0,158.0,0.2994337663843952,-0.013499080172864837
34.0,35.0,158.0,0.29835308931964805,-0.015881913012402746
35.0,20.0,158.0,0.3173198298807592,0.07595884582097084
35.0,21.0,158.0,0.3153437048438861,0.0641439596937141
35.0,22.0,158.0,0.318771762306796,0.050326291852640904
35.0,23.0,158.0,0.3159359105795206,0.034085020699393884
35.0,24.0,158.0,0.31268160449312643,0.020659503305402158
35.0,25.0,158.0,0.31511203711897695,0.013679393855661196
35.0,26.0,158.0,0.3116320515612877,0.0015938832405331573
35.0,27.0,158.0,0.309835974367092,-0.003424308535009275
35.0,28.0,158.0,0.3079536529917625,-0.009396855109538487
35.0,29.0,158.0,0.3078710595237375,-0.011840170908746476
35.0,30.0,158.0,0.30555674302756985,-0.017061564807324275
35.0,31.0,158.0,0.3043865173785704,-0.01973114433635246
35.0,32.0,158.0,0.3035358676448894,-0.023113068822987946
35.0,33.0,158.0,0.30271386785073,-0.02528336105173928
35.0,34.0,158.0,0.29991978922560414,-0.025218601794092674
35.0,35.0,158.0,0.29879943761738226,-0.027707503667143685
36.0,20.0,158.0,0.3118729914792071,0.06192459857573741
36.0,21.0,158.0,0.30918461280415277,0.05061640284985014
36.0,22.0,158.0,0.31452941331311396,0.039257107648964444
36.0,23.0,158.0,0.3124242537526826,0.023887906760144285
36.0,24.0,158.0,0.3078389132782648,0.008080430310282776
36.0,25.0,158.0,0.3102435843446171,0.001910910554676527
36.0,26.0,158.0,0.3065946170031737,-0.010253991597269483
36.0,27.0,158.0,0.3049158352870014,-0.015647272108678473
36.0,28.0,158.0,0.30301292912408606,-0.021673138730969793
36.0,29.0,158.0,0.30256994713772345,-0.025167989040915193
36.0,30.0,158.0,0.30009633043603656,-0.030608160392778867
36.0,31.0,158.0,0.2982321584343676,-0.03422637480755799
36.0,32.0,158.0,0.29713716521039757,-0.03792533770115014
36.0,33.0,158.0,0.2961466162558187,-0.04042367188486719
36.0,34.0,158.0,0.2936809531201265,-0.03991558398657155
36.0,35.0,158.0,0.29252497472960953,-0.04251479093727934
37.0,20.0,158.0,0.310870676972019,0.05350333125216159
37.0,21.0,158.0,0.30787383028561316,0.04178310581631666
37.0,22.0,158.0,0.312594177052241,0.029018620806259315
37.0,23.0,158.0,0.3102499192976649,0.013255781866106542
37.0,24.0,158.0,0.3052762329129332,-0.0039121519889300585
37.0,25.0,158.0,0.30788050314246435,-0.010030822667999324
37.0,26.0,158.0,0.30367051181936183,-0.02326219051287423
37.0,27.0,158.0,0.30180400377112987,-0.028962271427992015
37.0,28.0,158.0,0.3000186982284053,-0.03486004845570881
37.0,29.0,158.0,0.29924491249123797,-0.03888115286035151
37.0,30.0,158.0,0.2966431164630795,-0.04454422467793865
37.0,31.0,158.0,0.2947788573109755,-0.04823895838537828
37.0,32.0,158.0,0.29373633424386747,-0.0518811716279433
37.0,33.0,158.0,0.29275175975527307,-0.05444266335231076
37.0,34.0,158.0,0.2899779523051296,-0.05433224911160975
37.0,35.0,158.0,0.2882189964473459,-0.0577875137631131
38.0,20.0,158.0,0.3086255016221958,0.04194801078853684
38.0,21.0,158.0,0.3042027393901374,0.027220804411967798
38.0,22.0,158.0,0.30855492162582326,0.01500751017241417
38.0,23.0,158.0,0.3071119100387677,-0.0021089747126823233
38.0,24.0,158.0,0.30293301199487954,-0.018206089581490666
38.0,25.0,158.0,0.30542028039264607,-0.024575640094801742
38.0,26.0,158.0,0.30077013062368246,-0.03855243315607066
38.0,27.0,158.0,0.2988626598270375,-0.04482583143702647
38.0,28.0,158.0,0.29706454257613807,-0.050809332335386044
38.0,29.0,158.0,0.2958917475733222,-0.05584252347549683
38.0,30.0,158.0,0.2931434708418351,-0.061960843036626516
38.0,31.0,158.0,0.2908333031867581,-0.06635363227982802
38.0,32.0,158.0,0.2898025051513964,-0.07008787608589392
38.0,33.0,158.0,0.28883747318643677,-0.0726322766676116
38.0,34.0,158.0,0.2860841608293341,-0.07250457783612327
38.0,35.0,158.0,0.2843549485175115,-0.07593124152692896
39.0,20.0,158.0,0.3059108394976779,0.03389190353504094
39.0,21.0,158.0,0.3066606976717893,0.021793404962176702
39.0,22.0,158.0,0.31021175762562675,0.00866502162420555
39.0,23.0,158.0,0.3082741066044302,-0.009227801774590774
39.0,24.0,158.0,0.30340721109087665,-0.026531047091865677
39.0,25.0,158.0,0.3056550542770158,-0.03299351735231945
39.0,26.0,158.0,0.3006299062694497,-0.04740823327474729
39.0,27.0,158.0,0.29834791728036764,-0.05448880607511994
39.0,28.0,158.0,0.2965307725990579,-0.06041617881557641
39.0,29.0,158.0,0.29522745860046046,-0.06551699420991088
39.0,30.0,158.0,0.2924886281121689,-0.07181909437120443
39.0,31.0,158.0,0.29007820219148406,-0.07645466301338723
39.0,32.0,158.0,0.2887006358827885,-0.0807996774824506
39.0,33.0,158.0,0.28740279071509156,-0.08398079069686921
39.0,34.0,158.0,0.28427935276576005,-0.08458703331105127
39.0,35.0,158.0,0.28238325793072444,-0.0882735271886013
40.0,20.0,158.0,0.3051653030475942,0.027439420046151502
40.0,21.0,158.0,0.30543752917654676,0.014159813746151233
40.0,22.0,158.0,0.30892409926504183,0.0009256083830407443
40.0,23.0,158.0,0.30666658828683235,-0.01781497327144448
40.0,24.0,158.0,0.30318040671153207,-0.03414656836466606
40.0,25.0,158.0,0.30558341376951065,-0.040432150192058
40.0,26.0,158.0,0.30020547530152925,-0.05556162598622184
40.0,27.0,158.0,0.2978373017963636,-0.06277547069668764
40.0,28.0,158.0,0.29585413040077396,-0.06910896962883549
40.0,29.0,158.0,0.29448899632688524,-0.07432188120040872
40.0,30.0,158.0,0.2917626485038814,-0.08070293876489566
40.0,31.0,158.0,0.2893613251322583,-0.0856126793120953
40.0,32.0,158.0,0.28771305863178076,-0.09047317960338805
40.0,33.0,158.0,0.2860888182726905,-0.09431629821711163
40.0,34.0,158.0,0.28285292370362486,-0.09513006413782772
40.0,35.0,158.0,0.280844470171482,-0.09899820916071082
25.0,20.0,160.0,0.29776461770931667,0.14025373962528925
25.0,21.0,160.0,0.29775898679340473,0.1358784283284614
25.0,22.0,160.0,0.3000346794896744,0.12933902614241954
25.0,23.0,160.0,0.29823931700013545,0.11932965459367952
25.0,24.0,160.0,0.2958179778625898,0.10582617178154816
25.0,25.0,160.0,0.29426291041265773,0.10068173952125849
25.0,26.0,160.0,0.29357199486546376,0.09321306707628667
25.0,27.0,160.0,0.2961194850672285,0.09180721540845999
25.0,28.0,160.0,0.2935987169008247,0.0863859936977876
25.0,29.0,160.0,0.29026970601060426,0.08171762920861021
25.0,30.0,160.0,0.28754771132275503,0.07642548794283739
25.0,31.0,160.0,0.28538726739467757,0.07209861598055663
25.0,32.0,160.0,0.2845567637571752,0.06929663300512953
25.0,33.0,160.0,0.28323718434231965,0.06671156208189254
25.0,34.0,160.0,0.279168936786972,0.06608652153244295
25.0,35.0,160.0,0.27848194236084717,0.06451296727322567
26.0,20.0,160.0,0.3102119101273643,0.13780189609601454
26.0,21.0,160.0,0.30979053062460987,0.1299648335331877
26.0,22.0,160.0,0.30961239383322803,0.12290417351020307
26.0,23.0,160.0,0.3036780177389537,0.11049180220865405
26.0,24.0,160.0,0.30266029698093605,0.09976514695510633
26.0,25.0,160.0,0.30453046172953324,0.09589807066018351
26.0,26.0,160.0,0.3028478907361349,0.08718581796004989
26.0,27.0,160.0,0.3047859409401409,0.08526853235164654
26.0,28.0,160.0,0.3021983079793181,0.08013754653859075
26.0,29.0,160.0,0.2988457533813435,0.07493388417507908
26.0,30.0,160.0,0.29612375869349433,0.06964174290930626
26.0,31.0,160.0,0.29339405111674144,0.06453667501775436
26.0,32.0,160.0,0.2925722623481235,0.06178238889884762
26.0,33.0,160.0,0.291086531068166,0.05902789127574242
26.0,34.0,160.0,0.28712526387335907,0.058753746736189306
26.0,35.0,160.0,0.2864301393659334,0.05717591897269852
27.0,20.0,160.0,0.313772117965095,0.1439310590264103
27.0,21.0,160.0,0.3091005029085754,0.13320317740763118
27.0,22.0,160.0,0.31061684063800765,0.12490178325181683
27.0,23.0,160.0,0.3061815369088689,0.11512457298352873
27.0,24.0,160.0,0.30493266525758184,0.1052641783235683
27.0,25.0,160.0,0.30780807490667345,0.10352322411475859
27.0,26.0,160.0,0.30656994835771956,0.09600737668477181
27.0,27.0,160.0,0.3084642085390263,0.0938093409465352
27.0,28.0,160.0,0.3061916224506508,0.08962108476898122
27.0,29.0,160.0,0.3036048354432631,0.08555831309170098
27.0,30.0,160.0,0.3011333546632168,0.0809633005633935
27.0,31.0,160.0,0.29879560823599677,0.07670976614653377
27.0,32.0,160.0,0.2983168994707005,0.07482966317282927
27.0,33.0,160.0,0.2969993320306176,0.07253297838993325
27.0,34.0,160.0,0.2931574090604181,0.07269353672199598
27.0,35.0,160.0,0.29202486639804726,0.07066017423565608
28.0,20.0,160.0,0.3052027129364007,0.12452995969988002
28.0,21.0,160.0,0.3035963557959392,0.11532811811331986
28.0,22.0,160.0,0.30275010121058493,0.10613087629451841
28.0,23.0,160.0,0.30108460850476426,0.09545035695239219
28.0,24.0,160.0,0.29940710108812546,0.0846771484935712
28.0,25.0,160.0,0.30342306869110036,0.08386650236898059
28.0,26.0,160.0,0.3016734919762806,0.07549906969645712
28.0,27.0,160.0,0.3001259358759075,0.07060576337832253
28.0,28.0,160.0,0.2978131328941604,0.06570955884705919
28.0,29.0,160.0,0.2960982827492143,0.06242315581020437
28.0,30.0,160.0,0.2939971723395384,0.05825483352835775
28.0,31.0,160.0,0.2923069097106793,0.05491882023495142
28.0,32.0,160.0,0.2893695577838537,0.052648692640555016
28.0,33.0,160.0,0.2883534522066362,0.05073424978711212
28.0,34.0,160.0,0.2853049175894741,0.05232379472362705
28.0,35.0,160.0,0.2843310224062767,0.05050922666632704
29.0,20.0,160.0,0.31084264813342655,0.12421559218011491
29.0,21.0,160.0,0.3113433207436444,0.11533858326703535
29.0,22.0,160.0,0.3118885663185788,0.10684177339679637
29.0,23.0,160.0,0.3088481620760249,0.09248876107884768
